<?xml version="1.0" encoding="UTF-8"?>
<project-private xmlns="http://www.netbeans.org/ns/project-private/1">
    <editor-bookmarks xmlns="http://www.netbeans.org/ns/editor-bookmarks/2" lastBookmarkId="0"/>
    <open-files xmlns="http://www.netbeans.org/ns/projectui-open-files/2">
        <group>
            <file>file:/E:/Lab5D/src/lab5d/Point.java</file>
            <file>file:/E:/Lab5D/src/lab5d/Rectangle.java</file>
            <file>file:/E:/Lab5D/src/lab5d/Lab5D.java</file>
            <file>file:/E:/Lab5D/src/lab5d/Triangle.java</file>
            <file>file:/E:/Lab5D/src/lab5d/Circle.java</file>
            <file>file:/E:/Lab5D/src/lab5d/Main.java</file>
            <file>file:/E:/Lab5D/src/lab5d/Shape.java</file>
        </group>
    </open-files>
</project-private>
